{
  "camera": {
    "height": 1.5,
    "pitch": 1.028688772374913,
    "fx": 1000.0,
    "fy": 1000.0,
    "cx": 640.0,
    "cy": 480.0
  },
  "radar": {
    "yaw": 0.0,
    "x_offset": 3.5,
    "y_offset": 0.0
  },
  "timestamp": "2026-01-19T23:04:03.197954"
}