{
    "camera": {
        "height": 1.5,
        "pitch": 0.4754539581845917,
        "fx": 1000,
        "fy": 1000,
        "cx": 640,
        "cy": 480
    },
    "radar": {
        "yaw": 0,
        "x_offset": 3.5,
        "y_offset": 0
    },
    "homography": {
        "radar_to_bev": [
            [
                -0.0,
                -1.0,
                3.5
            ],
            [
                1.0,
                -0.0,
                0
            ],
            [
                0.0,
                0.0,
                1.0
            ]
        ],
        "camera_to_bev": [
            [
                0.048416320729001004,
                9.469651369868064e-18,
                -30.98644526656064
            ],
            [
                1.552499891511003e-08,
                0.07827901582408313,
                57.18406914081167
            ],
            [
                3.1049997831983987e-10,
                0.028697485214147406,
                1.0
            ]
        ]
    },
    "timestamp": "2026-01-15T00:01:58.048594"
}